display_name,comment,wallet_address,salary,contacts
John Doe,Sample comment,TPtqmrw9NzRuJ5HLdvtns2E17BwAAzbH9D,5000,123456789
Jane Smith,,TYeqRskz6dmb9imKyYsCxqEXozTX2GTiV8,-2000,
Alice Johnson,Another comment,TX8G66t838bNikBZ9xZn2kbhreatxmAzEb,3500,987654321
Bob Williams,,TRG3ZGt6Z3kBbcNcnG4bx5ieEbQXSKmwCV,,876543210
Eve Brown,Yet another comment,TFukiCMzBjwy3XhAdNZ8jiPrDt7Pg3xJw5,,
Michael Lee,,TW4g398PBWjRicmAmBxPkmUoLgQHcDYXhV,10000,
Emily Davis,Comment goes here,TGRfrqZSaXLE8yQBKurTAKYt6gsTPkm5TW,4500,
Daniel Wilson,,TKyftWHMapD6DGd12HkCB5yLVZS34g75Zq,,
Olivia Taylor,Sample comment,TYFkRSg8zY7x6hz6GJLDgj5kGHJ33q36KM,-1500,765432109
Sophia Johnson,,TQ2EbQMmdLgvQEwN6V1nB97X5ViRtWcv3b,2000,
James Martin,Another comment,TQ7jYTqWeoAM6oCz1rYvTVbg4P9Trg7kbP,12000,654321098
Emma Anderson,,TY9f3UfaTT1SrAFm4tiAA4V9DLAYF9n8Vg,,
William Garcia,Yet another comment,TP1xg6w2JbL7Fi7scSvxxrzTKXiqPiQhqB,-3000,543210987
Liam Brown,,TPZ8JS5nRjuYoufHx1Wj2DYKEBUMmavyx1,1500,
Ava Miller,Comment goes here,TDaGwRCLwdWSutVBgbk2HMWpnyWnVNdN75,2500,
Benjamin Martinez,,TVYA86hmArMXKfbEjgyhZkSPPHyWfbDxdP,,
Mia Davis,Sample comment,TQKvA5jPYF74crPeRdWjihLz2nKs8vF2j2,-1000,432109876
Noah Harris,,TSExXM9ZmGDFjrs4D4sZZYLtF3VZMjjjTh,,321098765
Isabella Jackson,Another comment,TMbCiqHNaDAbZQ4oAq8JpExcsUdKfpCagd,8000,
Liam Smith,Sample comment,TPtqmrw9NzRuJ5HLdvtns2E17BwAAzbH9D,4000,987654321
Oliver Johnson,,TYeqRskz6dmb9imKyYsCxqEXozTX2GTiV8,-1500,
Emma Williams,Another comment,TX8G66t838bNikBZ9xZn2kbhreatxmAzEb,2500,876543210
Noah Brown,,TRG3ZGt6Z3kBbcNcnG4bx5ieEbQXSKmwCV,,765432109
Sophia Davis,Yet another comment,TFukiCMzBjwy3XhAdNZ8jiPrDt7Pg3xJw5,,
William Lee,,TW4g398PBWjRicmAmBxPkmUoLgQHcDYXhV,8000,
Isabella Wilson,Comment goes here,TGRfrqZSaXLE8yQBKurTAKYt6gsTPkm5TW,6000,
James Taylor,,TKyftWHMapD6DGd12HkCB5yLVZS34g75Zq,,
Emily Garcia,Sample comment,TYFkRSg8zY7x6hz6GJLDgj5kGHJ33q36KM,-2000,654321098
Daniel Johnson,,TQ2EbQMmdLgvQEwN6V1nB97X5ViRtWcv3b,3000,
Olivia Martin,Another comment,TQ7jYTqWeoAM6oCz1rYvTVbg4P9Trg7kbP,5000,543210987
Mia Anderson,,TY9f3UfaTT1SrAFm4tiAA4V9DLAYF9n8Vg,,
Ava Garcia,Yet another comment,TP1xg6w2JbL7Fi7scSvxxrzTKXiqPiQhqB,10000,432109876
Benjamin Harris,,TPZ8JS5nRjuYoufHx1Wj2DYKEBUMmavyx1,-500,
William Jackson,Comment goes here,TDaGwRCLwdWSutVBgbk2HMWpnyWnVNdN75,7000,
Ella Smith,,TVYA86hmArMXKfbEjgyhZkSPPHyWfbDxdP,,
Michael Miller,Sample comment,TQKvA5jPYF74crPeRdWjihLz2nKs8vF2j2,-3000,321098765
Evelyn Wilson,,TSExXM9ZmGDFjrs4D4sZZYLtF3VZMjjjTh,2000,
David Martinez,Another comment,TMbCiqHNaDAbZQ4oAq8JpExcsUdKfpCagd,9000,
Oliver Smith,Sample comment,TPtqmrw9NzRuJ5HLdvtns2E17BwAAzbH9D,6000,543210987
Emma Johnson,,TYeqRskz6dmb9imKyYsCxqEXozTX2GTiV8,-3000,
Noah Williams,Another comment,TX8G66t838bNikBZ9xZn2kbhreatxmAzEb,4500,432109876
Sophia Brown,,TRG3ZGt6Z3kBbcNcnG4bx5ieEbQXSKmwCV,,321098765
William Davis,Yet another comment,TFukiCMzBjwy3XhAdNZ8jiPrDt7Pg3xJw5,,
Isabella Lee,,TW4g398PBWjRicmAmBxPkmUoLgQHcDYXhV,10000,
James Wilson,Comment goes here,TGRfrqZSaXLE8yQBKurTAKYt6gsTPkm5TW,7000,
Evelyn Taylor,,TKyftWHMapD6DGd12HkCB5yLVZS34g75Zq,,
Liam Garcia,Sample comment,TYFkRSg8zY7x6hz6GJLDgj5kGHJ33q36KM,-4000,654321098
Olivia Johnson,,TQ2EbQMmdLgvQEwN6V1nB97X5ViRtWcv3b,5500,
Benjamin Martin,Another comment,TQ7jYTqWeoAM6oCz1rYvTVbg4P9Trg7kbP,3000,543210987
Mia Anderson,,TY9f3UfaTT1SrAFm4tiAA4V9DLAYF9n8Vg,,
Ava Garcia,Yet another comment,TP1xg6w2JbL7Fi7scSvxxrzTKXiqPiQhqB,2000,432109876
William Harris,,TPZ8JS5nRjuYoufHx1Wj2DYKEBUMmavyx1,-200,
Emily Jackson,Comment goes here,TDaGwRCLwdWSutVBgbk2HMWpnyWnVNdN75,8000,
Daniel Smith,,TVYA86hmArMXKfbEjgyhZkSPPHyWfbDxdP,,
Sophia Miller,Sample comment,TQKvA5jPYF74crPeRdWjihLz2nKs8vF2j2,-5000,321098765
Ava Wilson,,TSExXM9ZmGDFjrs4D4sZZYLtF3VZMjjjTh,4000,
James Martinez,Another comment,TMbCiqHNaDAbZQ4oAq8JpExcsUdKfpCagd,10000,
Olivia Smith,,TPtqmrw9NzRuJ5HLdvtns2E17BwAAzbH9D,-1000,
Emma Johnson,Yet another comment,TYeqRskz6dmb9imKyYsCxqEXozTX2GTiV8,6500,987654321
Noah Williams,,TX8G66t838bNikBZ9xZn2kbhreatxmAzEb,,876543210
Sophia Brown,Another comment,TRG3ZGt6Z3kBbcNcnG4bx5ieEbQXSKmwCV,3500,
William Davis,,TFukiCMzBjwy3XhAdNZ8jiPrDt7Pg3xJw5,-2000,
Isabella Lee,Comment goes here,TW4g398PBWjRicmAmBxPkmUoLgQHcDYXhV,8000,765432109
James Wilson,,TGRfrqZSaXLE8yQBKurTAKYt6gsTPkm5TW,1500,
Evelyn Taylor,Sample comment,TKyftWHMapD6DGd12HkCB5yLVZS34g75Zq,2500,
Liam Garcia,,TYFkRSg8zY7x6hz6GJLDgj5kGHJ33q36KM,,654321098
Olivia Johnson,Yet another comment,TQ2EbQMmdLgvQEwN6V1nB97X5ViRtWcv3b,3000,543210987
Benjamin Martin,,TQ7jYTqWeoAM6oCz1rYvTVbg4P9Trg7kbP,-3000,
Sophia Smith,Sample comment,TPtqmrw9NzRuJ5HLdvtns2E17BwAAzbH9D,8000,987654321
William Johnson,,TYeqRskz6dmb9imKyYsCxqEXozTX2GTiV8,-2500,
Isabella Williams,Another comment,TX8G66t838bNikBZ9xZn2kbhreatxmAzEb,3500,876543210
James Brown,,TRG3ZGt6Z3kBbcNcnG4bx5ieEbQXSKmwCV,,765432109
Evelyn Davis,Yet another comment,TFukiCMzBjwy3XhAdNZ8jiPrDt7Pg3xJw5,,
Oliver Lee,,TW4g398PBWjRicmAmBxPkmUoLgQHcDYXhV,9000,
Emma Wilson,Comment goes here,TGRfrqZSaXLE8yQBKurTAKYt6gsTPkm5TW,7500,
Liam Taylor,,TKyftWHMapD6DGd12HkCB5yLVZS34g75Zq,,
Olivia Garcia,Sample comment,TYFkRSg8zY7x6hz6GJLDgj5kGHJ33q36KM,-3000,654321098
Noah Johnson,,TQ2EbQMmdLgvQEwN6V1nB97X5ViRtWcv3b,6000,
Sophia Martin,Another comment,TQ7jYTqWeoAM6oCz1rYvTVbg4P9Trg7kbP,4000,543210987
William Anderson,,TY9f3UfaTT1SrAFm4tiAA4V9DLAYF9n8Vg,,
Isabella Garcia,Yet another comment,TP1xg6w2JbL7Fi7scSvxxrzTKXiqPiQhqB,11000,432109876
James Harris,,TPZ8JS5nRjuYoufHx1Wj2DYKEBUMmavyx1,-600,
Evelyn Jackson,Comment goes here,TDaGwRCLwdWSutVBgbk2HMWpnyWnVNdN75,8500,
Oliver Smith,,TVYA86hmArMXKfbEjgyhZkSPPHyWfbDxdP,,
Emma Miller,Sample comment,TQKvA5jPYF74crPeRdWjihLz2nKs8vF2j2,-7000,321098765
Liam Wilson,,TSExXM9ZmGDFjrs4D4sZZYLtF3VZMjjjTh,6000,
Olivia Martinez,Another comment,TMbCiqHNaDAbZQ4oAq8JpExcsUdKfpCagd,12000,
Sophia Smith,,TPtqmrw9NzRuJ5HLdvtns2E17BwAAzbH9D,-1500,
William Johnson,Yet another comment,TYeqRskz6dmb9imKyYsCxqEXozTX2GTiV8,8500,987654321
Isabella Williams,,TX8G66t838bNikBZ9xZn2kbhreatxmAzEb,,876543210
James Brown,Another comment,TRG3ZGt6Z3kBbcNcnG4bx5ieEbQXSKmwCV,4000,
Evelyn Davis,,TFukiCMzBjwy3XhAdNZ8jiPrDt7Pg3xJw5,-2500,
Oliver Lee,Comment goes here,TW4g398PBWjRicmAmBxPkmUoLgQHcDYXhV,9500,
Emma Wilson,,TGRfrqZSaXLE8yQBKurTAKYt6gsTPkm5TW,5000,
Liam Taylor,Sample comment,TKyftWHMapD6DGd12HkCB5yLVZS34g75Zq,3000,
Olivia Garcia,,TYFkRSg8zY7x6hz6GJLDgj5kGHJ33q36KM,,654321098
Noah Johnson,Yet another comment,TQ2EbQMmdLgvQEwN6V1nB97X5ViRtWcv3b,5500,543210987
Sophia Martin,,TQ7jYTqWeoAM6oCz1rYvTVbg4P9Trg7kbP,-3500,
William Anderson,Another comment,TY9f3UfaTT1SrAFm4tiAA4V9DLAYF9n8Vg,2500,
Isabella Garcia,,TP1xg6w2JbL7Fi7scSvxxrzTKXiqPiQhqB,10000,432109876
